individual_id,date,body_mass_g,SUL_mm,mouth_width_mm,sex_class,stomach_content_present,marca,mark_MAI,mark_MAD,mark_MPI,mark_MPD,notes
1,08-10-2019,2.9,30.0,11.2,,False,MAI Y,Y,,,,
2,08-10-2019,2.9,28.3,9.3,,True,MAD Y,,Y,,,
3,08-10-2019,2.4,26.5,10.4,,False,MPI Y,,,Y,,
4,08-10-2019,2.3,29.5,9.5,,False,MPD Y,,,,Y,
5,08-10-2019,2.6,27.5,9.6,,False,MAD R,,R,,,
6,08-10-2019,2.9,30.6,11.1,,False,MAI R,R,,,,
7,08-10-2019,1.8,25.8,9.45,,False,MPD R,,,,R,
8,08-10-2019,1.6,22.34,8.01,,False,MPI R,,,R,,
9,08-10-2019,2.4,29.24,10.32,,False,MAI R MAD R,R,R,,,
10,08-10-2019,3.9,32.07,13.01,,False,MPI R MPD R,,,R,R,
11,08-10-2019,2.9,30.13,10.34,,False,MAI B,B,,,,
12,08-10-2019,2.2,26.64,10.5,,False,MAD B,,B,,,
13,08-10-2019,2.5,31.78,10.93,,False,MPI B,,,B,,
14,08-10-2019,2.4,26.93,10.35,,False,MPD B,,,,B,
15,08-10-2019,1.8,28.38,9.85,,False,MAI B MAD B,B,B,,,
16,08-10-2019,2.7,30.94,11.51,,False,MPI B MPD B,,,B,B,
17,08-10-2019,2.1,27.12,10.07,,False,MAI B MPD B,B,,,B,
18,08-10-2019,2.1,28.85,10.05,,False,MAI B MPI B,B,,B,,
19,08-10-2019,2.1,27.53,9.2,,False,MAD B MPI Y,,B,B,,
20,08-10-2019,1.9,26.98,9.12,,False,MAI B MPI B MPD B,B,,B,B,
21,08-10-2019,2.4,24.34,10.43,,False,MPI B MPD Y,,,B,Y,
22,08-10-2019,1.6,25.07,8.94,,False,MPD B MPI Y,,,Y,B,
23,08-10-2019,1.7,24.12,9.01,,False,MAI B MAD B MPI Y,B,B,Y,,
24,08-10-2019,2.5,26.96,9.35,,False,MAI Y MAD Y,Y,Y,,,
25,08-10-2019,2.7,32.02,11.14,,False,MAI Y MPD Y,Y,,,Y,
26,08-10-2019,2.1,28.43,9.74,,False,MAD Y MPI Y,,Y,Y,,
27,08-10-2019,2.6,31.1,9.88,,False,MAI B MPD R,B,,,R,
28,08-10-2019,3.1,31.76,11.96,,False,MAD B MPI R,,B,R,,
29,08-10-2019,2.7,32.42,9.58,,False,MPI B MPD R,,,B,R,
30,08-10-2019,2.1,25.72,9.17,,False,MPD B MAI R,R,,,B,
31,08-10-2019,1.8,26.57,10.01,,False,MAI B MAD B MPI R,B,B,R,,
32,08-10-2019,2.3,24.46,9.32,,False,MPI B MPD B MAI R,R,,B,B,
33,08-10-2019,3.4,32.1,10.46,,False,MPI B MAI R MAD R,R,R,B,,
34,08-10-2019,2.1,26.55,10.37,,False,MAI B MPI R MPD R,B,,R,R,
35,09-10-19,3.3,37.52,12.19,hembra,True,MAI P,P,,,,
36,09-10-19,2.3,25.66,10.17,hembra,True,MAD P,,P,,,
37,09-10-19,2.8,34.53,11.79,hembra,True,MPI P,,,P,,
38,09-10-19,1.6,26.18,9.6,hembra,True,MPD P,,,,P,
39,09-10-19,2.0,26.23,9.39,hembra,True,MAI P MAD P,P,P,,,
40,09-10-19,3.4,35.86,11.14,Macho,True,MPI P MPD P,,,P,P,
41,09-10-19,2.7,29.54,10.73,Macho,True,MAI P MPI P,P,,P,,
42,09-10-19,2.3,26.59,10.64,hembra,True,MAD P MPD P,,P,,P,
43,09-10-19,2.2,28.42,9.62,hembra,True,MAI P MPD P,P,,,P,
44,09-10-19,1.6,29.31,9.37,hembra,True,MAD P MPI P,,P,P,,
45,09-10-19,2.8,30.46,11.47,Macho,True,MAI G,G,,,,
46,09-10-19,1.8,24.31,9.65,hembra,True,MAD G,,G,,,
47,09-10-19,2.2,27.77,10.26,Macho,True,MPI G,,,G,,
48,09-10-19,1.8,27.47,10.37,Macho,True,MPD G,,,,G,
49,09-10-19,2.1,21.23,9.71,hembra,True,MAI G MAD G,G,G,,,
50,09-10-19,2.0,30.47,10.52,,False,MPI G MPD G,,,G,G,
51,09-10-19,1.4,26.99,10.0,hembra,False,MAD G MPD G,G,,G,,
52,09-10-19,2.9,31.44,11.08,,True,MAI G MPIG,,G,,G,
53,09-10-19,2.0,24.96,9.87,,False,MAI G MPD G,G,,,G,
54,,1.9,23.44,10.26,Macho,True,MAD G MPI G,,G,G,,
55,,2.3,27.3,10.24,Macho,True,MAI G MAD P,G,P,,,
56,,2.1,28.85,10.3,hembra,True,MAI G MPI P,G,,P,,
57,,4.3,38.76,12.63,hembra,True,MAI G MPD P,G,,,P,
58,,2.7,30.06,9.84,hembra,True,MAI G MAD P MPI P,G,P,P,,
59,,2.4,31.85,10.52,Macho,True,MAI G MAD P MPI P MPD P,G,P,P,P,
60,11-10-19,1.6,26.2,9.32,,False,MAI G MAD G MPI P,G,G,P,,
61,11-10-19,2.4,30.58,9.7,,False,MAI G MAD G MPD P,G,G,,P,
62,11-10-19,3.0,32.28,10.56,,False,MAI G MAD G MPI P MPD P,G,G,P,P,
63,11-10-19,1.9,26.64,10.07,,False,MAI G MAD G MPI G MPD P,G,G,G,P,
64,11-10-19,2.2,28.64,9.42,Macho,False,MAI P MAD G,P,G,,,
65,11-10-19,2.6,31.06,10.98,Macho,False,MAI P MPI G,P,,G,,
66,11-10-19,2.0,26.85,10.16,hembra,False,MAI P MPD G,P,,,G,
67,11-10-19,3.3,31.72,11.49,hembra,False,MAI P MAD G MPI G,P,G,G,,
68,11-10-19,1.6,27.55,9.69,hembra,False,MAI P MAD G MPD G,P,G,,G,
69,24-11-19,3.7,33.72,12.0,,False,MAI P MAD G MPI G MPD G,P,G,G,G,
70,24-11-19,2.2,29.96,11.41,,False,MAI P MAD P MPI G,P,P,G,,
71,24-11-19,2.3,29.45,9.75,,False,MAI P MAD P MPD G,P,P,,G,
72,24-11-19,3.4,31.84,11.42,,False,MAI P MAD P MPI G MPD G,P,P,G,G,
73,24-11-19,1.9,28.26,9.86,Foto Parásito,False,MAI P MAD P MPI P MPD G,P,P,P,G,
74,24-11-19,3.0,32.0,10.02,,False,MAI Y MAD R,Y,R,,,
75,24-11-19,2.8,31.0,11.37,,False,MAI Y MPI R,Y,,R,,
76,24-11-19,2.6,30.24,10.91,,False,MAI Y MPD R,Y,,,R,
77,24-11-19,2.1,28.07,10.93,,False,MAI Y MAD R MPI R,Y,R,R,,
78,24-11-19,2.5,30.43,10.56,,False,MAI Y MAD R MPI R MPD R,Y,R,R,R,
79,24-11-19,2.8,29.55,11.16,,False,MAI Y MAD Y MPI R,Y,Y,R,,
80,24-11-19,2.5,31.65,12.4,,False,MAI Y MAD Y MPD R,Y,Y,,R,
81,24-11-19,2.2,29.74,11.82,,False,MAI Y MAD Y MPI R MPD R,Y,Y,R,R,
82,24-11-19,2.7,28.93,11.04,,False,MAI R MAD Y,R,Y,,,
83,24-11-19,1.9,27.34,10.88,,False,MAI R MPI Y,R,,Y,,
84,24-11-19,2.1,29.48,11.3,,False,MAI R MPD Y,R,,,Y,
85,24-11-19,3.4,31.02,12.33,,False,MAI R MAD Y MPI Y,R,Y,Y,,
86,24-11-19,2.6,27.44,10.54,,False,MAI R MAD R MPD Y,R,R,,Y,
87,24-11-19,2.0,26.33,10.79,,False,MAI R MAD R MPI Y,R,R,Y,,
88,26-11-19,2.4,25.98,9.24,,True,MAI R MAD R MPI Y MPD Y,R,R,Y,Y,
89,26-11-19,3.0,30.11,12.0,,True,MAI R MAD R MPI R MPD Y,R,R,R,Y,
90,26-11-19,2.4,25.45,10.99,,False,MAD Y MPI R,,Y,R,,Medi pero se me escapó así que usé la marca en otra
91,26-11-19,2.2,28.12,11.12,,False,MAD Y MPDR,,Y,,R,
92,26-11-19,2.7,30.22,12.15,,True,MAI R MAD Y MPI R,R,Y,R,,
93,26-11-19,2.6,28.83,11.94,,True,MAI R MAD Y MPD R,R,Y,,R,
94,26-11-19,3.2,28.2,11.24,,False,MAD Y MPI R MPD R,,Y,R,R,
95,26-11-19,1.3,24.55,8.21,,False,MAI R MAD Y MPI R MPD R,R,Y,R,R,
96,26-11-19,2.7,28.68,11.63,,False,MAD Y MPI R,,Y,R,,
97,26-11-19,2.4,30.02,10.77,,True,MAD Y MPI R,Y,,Y,,
98,26-11-19,2.1,28.1,11.11,,False,MAI Y MPI Y,,Y,,Y,
99,26-11-19,2.1,28.32,11.04,,False,MAD Y MPD Y,Y,,Y,Y,
100,26-11-19,1.9,28.02,9.15,,False,MAI I Y MAD Y MPI Y,Y,Y,Y,,
101,26-11-19,2.2,31.08,11.14,,False,MAD Y MAI Y MPD Y,Y,Y,,Y,
102,26-11-19,2.1,28.59,11.01,,False,MAD R MPI R,,R,R,,
103,26-11-19,2.1,28.52,10.57,,False,MAI R MPD R,R,,,R,
104,26-11-19,2.2,29.98,10.26,,False,MAI R MPI R,R,,R,,
105,26-11-19,2.2,30.29,11.05,,True,MAD R MPD R,,R,,R,
106,26-11-19,2.6,31.44,11.59,,True,MAI R MPI R MPD R,R,,R,R,
107,26-11-19,1.9,28.67,11.21,,False,MAI R MAD R MPD R,R,R,,R,
108,26-11-19,2.6,36.54,12.0,,False,MAI O,O,,,,Adulto
109,26-11-19,3.4,34.51,11.87,,False,MAD O,,O,,,Adulto
110,26-11-19,4.1,30.94,11.64,,False,MPI O,,,O,,Grávida?
111,26-11-19,2.1,25.67,10.65,,False,MPD O,,,,O,
112,26-11-19,2.5,27.92,9.68,,False,MAI O MPI O,O,,O,,
113,26-11-19,2.7,29.63,11.8,,False,MAI O MPD O,O,,,O,
114,26-11-19,2.5,30.55,11.48,,False,MAD O MPI O,,O,O,,
115,26-11-19,2.5,30.56,11.34,,False,MAD O MPD O,,O,,O,
116,26-11-19,2.5,32.15,11.86,,False,MAI O MAD P,O,P,,,
117,26-11-19,1.8,28.11,10.24,,False,MAI O MPI P,O,,P,,
118,26-11-19,2.2,26.85,9.67,,False,MAI O MPD P,O,,,P,
119,26-11-19,2.5,26.69,10.37,,False,MAI O MAD P MPI P,O,P,P,,
120,26-11-19,2.5,29.17,10.7,,False,,O,P,P,P,
121,26-11-19,3.0,32.18,11.87,,False,MAI O MAD O MPI P,O,O,P,,
122,26-11-19,2.7,30.09,11.21,,False,MAI O MAD O MPD P,O,O,,P,
123,26-11-19,2.3,27.21,10.5,,False,MAI O MAD O MPI P MPD P,O,O,P,P,
124,26-11-19,2.3,27.23,10.11,,False,MAI O MAD O MPI O MPD P,O,O,O,P,
125,26-11-19,3.7,32.62,12.26,,False,MAI P MAD O,P,O,,,
126,26-11-19,4.0,32.27,11.64,,False,MAI P MPI O,P,,O,,
127,26-11-19,3.0,32.67,11.58,,False,MAI P MPD P,P,,,O,
128,26-11-19,2.6,31.05,10.88,,False,MAI P MAD O MPI O,P,O,O,,
129,26-11-19,2.3,27.74,10.34,,False,MAI P MAD O MPI O MPD O,P,O,O,O,
130,26-11-19,2.5,28.04,10.82,,False,MAI P MAD P MPI O,P,O,O,,Resucitada. Murió por Leyli y le hice CPR
131,26-11-19,2.2,25.5,10.76,,False,MAI P MAD P MPI O,P,P,O,,
132,26-11-19,2.8,28.22,11.47,,False,MAI P MAD P MPD O,P,P,,O,
135,27-11-19,2.1,27.09,10.86,hembra,False,MAI Y MAD O,Y,O,,,
136,27-11-19,2.5,29.69,10.5,macho,False,MAI Y MPI O,Y,,O,,
137,27-11-19,1.2,23.37,9.29,hembra,False,MAI Y MPD O,Y,,,O,metamorfo
138,27-11-19,2.1,25.63,10.45,hembra,False,MAI Y MAD O MPD O,Y,O,,O,
139,27-11-19,2.3,27.84,11.35,hembra,False,MAI Y MAD O MPI O MPD O,Y,O,O,O,migró la marca yellow
140,27-11-19,2.2,28.62,10.7,hembra,False,MAI Y MAD Y MPI O,Y,Y,,O,
141,27-11-19,3.0,28.9,12.15,hembra,False,MAI Y MAD Y MPD O,Y,Y,O,,
142,27-11-19,2.5,29.61,13.06,macho,False,MAI Y MAD Y MPI O MPD O,Y,Y,O,O,
143,27-11-19,2.1,28.31,11.01,hembra,False,MAI Y MAD Y MPI Y MPD O,Y,Y,Y,O,
144,27-11-19,2.4,28.97,10.72,hembra,False,MAI O MAD Y,O,Y,,,
145,27-11-19,2.7,30.66,12.8,hembra,False,MAI O MPI Y,O,,Y,,
146,27-11-19,2.5,31.49,11.53,macho,False,MAI O MPD Y,O,,,Y,
147,27-11-19,2.2,26.21,11.24,macho,False,MAI O MAD Y MPI Y,O,Y,Y,,
148,27-11-19,2.4,28.5,11.48,macho,False,MAI O MAD Y MPD Y,O,Y,,Y,
149,27-11-19,2.6,33.19,11.94,hembra,False,MAI O MAD Y MPI Y MPD Y,O,Y,Y,Y,
150,27-11-19,2.6,29.53,11.66,hembra,False,MAI O MAD O MPI Y,O,O,Y,,
151,27-11-19,1.6,23.39,8.59,,False,MAI O MAD O MPD Y,O,O,,Y,"Muchos parásitos, falta un ojo"
152,28-11-19,2.5,29.77,11.07,macho,True,MAI O MAD O MPI Y MPD Y,O,O,Y,Y,
153,28-11-19,2.1,26.94,9.76,MACHO,False,,B,O,,,
154,28-11-19,2.7,30.72,11.31,MACHO,False,,B,,O,,
155,28-11-19,2.2,29.41,11.65,MACHO,False,,B,,,,
156,28-11-19,2.8,31.49,10.85,MACHO,False,,B,O,O,,
157,28-11-19,2.1,28.1,10.69,HEMBRA,False,,B,O,O,O,Con relictos de cola (foto)
158,28-11-19,2.2,27.81,10.86,MACHO,False,,B,B,O,,
159,28-11-19,2.5,30.58,11.22,MACHO,False,,B,B,,O,
160,28-11-19,2.1,28.3,11.54,MACHO,False,,B,B,O,O,
161,28-11-19,2.4,29.93,11.9,MACHO,False,,B,B,B,O,
162,28-11-19,2.4,29.83,12.08,MACHO,False,,O,B,,,
163,28-11-19,2.9,30.42,12.14,HEMBRA,False,,O,,B,,
164,28-11-19,3.1,32.73,12.0,MACHO,False,,,O,,B,
165,28-11-19,2.1,28.59,10.75,MACHO,False,,O,B,B,,
166,28-11-19,2.7,30.55,11.55,HEMBRA,False,,O,B,,B,
167,28-11-19,2.4,29.03,10.84,MACHO,False,,O,B,B,B,
168,28-11-19,1.7,25.03,9.76,MACHO,True,,O,O,B,,
169,28-11-19,2.2,28.05,10.63,MACHO,False,,O,O,,B,
170,28-11-19,2.1,28.01,10.32,MACHO,False,,O,O,B,B,
171,28-11-19,2.1,26.27,10.54,macho,False,,O,,,B,
172,28-11-19,2.1,27.23,11.14,macho,False,,B,,O,O,
173,28-11-19,2.2,29.13,11.61,hembra,False,,B,O,,O,
174,28-11-19,2.3,28.67,10.82,macho,False,,O,,B,B,
175,28-11-19,2.7,30.67,10.94,macho,False,,O,O,O,B,
176,28-11-19,2.8,30.1,11.53,macho,False,,,O,B,,
177,28-11-19,1.9,28.08,11.24,macho,False,,,B,O,O,
178,28-11-19,2.0,28.73,10.53,macho,True,,O,B,O,,
179,28-11-19,2.4,29.9,10.61,macho,False,,O,B,,O,
180,29-11-19,2.3,28.19,10.93,macho,True,,R,B,,,
181,29-11-19,2.6,30.23,10.99,macho,True,,R,,B,,
182,29-11-19,2.0,25.48,10.37,macho,False,,R,B,B,,
183,29-11-19,3.2,31.11,11.33,macho,False,,R,,B,B,
184,29-11-19,2.2,29.77,11.65,hembra,True,,R,B,B,B,
185,29-11-19,2.6,28.56,10.56,macho,True,,B,R,,,
186,29-11-19,2.9,31.03,11.09,macho,True,,B,B,,R,
187,29-11-19,2.3,29.16,10.92,macho,True,,R,R,B,B,
188,29-11-19,3.1,30.63,10.33,macho,True,,B,B,R,R,
189,29-11-19,2.4,31.42,11.44,macho,True,,R,R,,B,
190,29-11-19,2.2,27.03,10.57,macho,False,,R,B,R,B,
191,29-11-19,2.7,29.25,11.77,macho,True,,B,R,B,R,Dedo 3 deforme
192,29-11-19,2.8,26.63,10.34,macho,True,,B,B,B,B,
193,29-11-19,2.1,27.48,10.97,macho,False,,R,R,R,R,
194,29-11-19,2.4,28.5,10.89,macho,True,,O,O,O,O,
195,29-11-19,2.6,29.41,10.98,macho,True,,P,P,P,P,
196,29-11-19,1.7,26.47,10.09,macho,True,,B,O,Y,Y,
197,29-11-19,2.1,26.84,10.54,hembra,True,,P,R,Y,Y,no esta en papel
198,29-11-19,1.8,26.36,10.58,hembra,True,,R,B,Y,Y,Juvenil – no esta en papel
199,29-11-19,3.0,31.38,12.03,hembra,True,,O,P,Y,Y,no esta en papel
200,29-11-19,2.7,32.64,12.25,hembra,True,,B,R,Y,Y,no esta en papel
201,29-11-19,2.3,27.67,10.64,hembra,True,,P,O,Y,Y,no esta en papel
202,29-11-19,2.1,28.41,10.91,macho,True,,Y,Y,B,O,no esta en papel
203,29-11-19,2.1,27.83,10.5,hembra,True,,Y,Y,P,R,no esta en papel
205,1-02-20,1.4,21.77,8.56,juvenil,False,,Y,P,,,"Sin hocico, cara deforme. (hay foto)"
206,1-02-20,3.1,27.4,10.81,hemba,False,,Y,,P,,
207,1-02-20,1.2,22.5,8.59,juvenil,False,,Y,,,P,metamorfo con cola
208,1-02-20,1.2,21.41,7.67,juvuenil,False,,P,Y,,,
209,1-02-20,3.9,30.61,11.21,hembra,False,,,Y,P,,no se le ve bien la marca antebrazo
210,1-02-20,3.5,23.42,10.99,macho,False,,,Y,,P,
211,1-02-20,1.3,22.92,7.32,juvenil,False,,P,,Y,,
212,1-02-20,1.5,23.79,8.14,hembra,False,,,P,Y,,
213,1-02-20,1.2,20.72,6.93,juvenil,False,,,,Y,P,
214,1-02-20,1.5,22.5,8.47,juvenil,False,,Y,P,P,,
215,1-02-20,2.2,26.64,9.5,macho,False,,Y,P,,P,
216,1-02-20,1.8,25.66,7.99,juvenil,False,,Y,,P,P,
217,1-02-20,1.6,24.74,8.33,hembra,False,,Y,P,P,P,
218,1-02-20,2.5,26.99,9.56,hembra,False,,P,Y,P,,
219,02-02-20,2.8,25.25,10.48,macho,True,,P,Y,,P,
220,02-02-20,2.5,25.2,9.76,hembra,True,,,Y,P,P,
221,02-20-20,1.3,21.77,8.25,juvenil,False,,P,Y,P,P,
222,02-20-20,1.5,22.96,8.96,juvenil,False,,Y,Y,P,P,
223,02-20-20,4.5,34.31,11.45,hembra,True,,Y,Y,Y,P,
224,02-20-20,3.9,29.52,11.21,hembra,True,,P,P,Y,,
225,02-20-20,3.4,28.88,10.46,?,False,,P,P,Y,Y,
226,02-20-20,3.9,29.42,11.45,macho,True,,P,P,P,Y,
227,02-20-20,2.1,26.39,10.58,juvenil,False,,P,P,,Y,
228,03–2-20,1.5,23.17,8.09,juvenil,False,,Y,Y,,P,
229,03–2-20,2.1,28.12,9.53,MACHO,False,,Y,Y,P,,
230,03–2-20,2.7,29.22,10.88,juvenil,False,,Y,P,Y,P,
231,03–2-20,1.7,24.76,7.46,juvenil,False,,P,Y,P,Y,
232,03–2-20,1.4,21.27,8.86,Juvenil,False,,O,G,,,
233,03–2-20,1.9,26.02,10.09,macho,False,,O,,G,,
234,03–2-20,2.2,29.12,10.82,juvenil,False,,O,,,G,
235,03–2-20,1.7,27.16,10.31,macho,False,,G,O,,,
236,03–2-20,2.2,27.73,10.57,macho,False,,,O,G,,
237,03–2-20,3.2,32.85,11.35,,True,,,O,,G,
238,03–2-20,2.4,28.05,11.33,,False,,G,,O,,
239,03–2-20,1.8,25.36,9.1,juvenil,False,,,G,O,,
240,03–2-20,2.8,30.21,9.19,juvenil,True,,,,O,G,
241,03–2-20,2.4,27.61,9.12,juvenil,False,,O,G,G,,
242,03–2-20,1.6,24.42,8.47,,False,,O,G,,G,
243,03–2-20,1.9,26.73,9.53,,False,,O,,G,G,
244,03–2-20,2.0,25.61,9.58,juvenil,False,,O,G,G,G,con cola
245,03–2-20,1.3,23.42,8.09,,False,,G,O,G,,
246,03–2-20,2.0,26.89,11.43,,False,,G,O,G,G,* Recapturada 5-02 (ver medidas recaptura)
247,03–2-20,2.1,29.13,10.68,,False,,,O,G,G,
248,03–2-20,1.8,27.8,9.59,,False,,G,O,,G,
249,03–2-20,2.1,29.2,10.44,,False,,O,O,G,G,
250,03–2-20,2.4,30.3,10.48,macho,False,,G,O,G,O,
252,03–2-20,2.4,28.49,11.12,macho,False,,O,O,O,G,
253,03–2-20,1.1,23.02,8.63,juvenil,False,,G,G,O,,
254,03–2-20,1.7,25.41,9.24,juvenil,False,,G,G,O,O,con colita
255,04-02-20,3.5,31.46,11.67,juvenil,True,,G,G,G,O,
256,04-02-20,1.8,23.29,8.41,macho,True,,G,G,,O,
257,04-02-20,2.4,27.84,10.04,macho,False,,O,O,,G,
258,04-02-20,3.1,30.06,11.8,,False,,O,O,G,,inflada por marca
259,04-02-20,2.6,29.07,10.88,,False,,R,O,,,
260,04-02-20,3.9,31.07,11.7,,True,,R,,O,,
261,04-02-20,5.3,35.71,11.99,macho,True,,R,,,O,
262,04-02-20,4.6,32.28,12.12,macho,True,,O,R,,,
263,04-02-20,3.9,32.76,11.3,,True,,,R,O,,
264,04-02-20,2.9,29.34,10.31,macho,False,,,R,,O,
265,04-02-20,2.1,25.48,8.88,,False,,O,,R,,
266,04-02-20,1.1,22.17,7.58,juvenil,False,,,O,R,,
267,04-02-20,2.7,32.59,12.02,,False,,,,R,O,Fondo
268,04-02-20,1.0,21.83,7.49,juvenil,False,,R,O,O,,fondo
269,04-02-20,1.6,25.4,8.89,juvenil,False,,R,O,,O,fondo
270,04-02-20,2.1,26.73,8.35,,False,,R,,O,O,
271,04-02-20,2.0,25.96,8.3,macho,False,,R,O,O,O,
272,04-02-20,4.0,33.54,11.75,macho,True,,O,R,O,,
273,04-02-20,2.0,26.8,8.7,,False,,O,R,,O,
274,04-02-20,1.7,24.53,9.48,macho,False,,,R,O,O,
275,04-02-20,2.9,32.19,10.99,,False,,O,R,O,O,
276,04-02-20,2.6,28.56,10.92,,False,,R,R,O,O,
277,04-02-20,2.5,27.52,10.58,,False,,R,R,R,O,
278,04-02-20,2.5,28.48,10.16,macho,False,,O,O,R,,
